유형,행정동,통,필지수,거리/면적,상세/사유/지번
미표시,대야동,4,,,지번은 지적도에 있으나 충돌(min_tong)로 다른 통에 흡수
미표시,대야동,5,,,지번은 지적도에 있으나 충돌(min_tong)로 다른 통에 흡수
미표시,대야동,13,,,지번은 지적도에 있으나 충돌(min_tong)로 다른 통에 흡수
미표시,대야동,25,,,지번은 지적도에 있으나 충돌(min_tong)로 다른 통에 흡수
미표시,대야동,27,,,지번은 지적도에 있으나 충돌(min_tong)로 다른 통에 흡수
미표시,대야동,29,,,지번은 지적도에 있으나 충돌(min_tong)로 다른 통에 흡수
미표시,대야동,35,,,지번은 지적도에 있으나 충돌(min_tong)로 다른 통에 흡수
미표시,대야동,36,,,지번은 지적도에 있으나 충돌(min_tong)로 다른 통에 흡수
미표시,대야동,37,,,지번은 지적도에 있으나 충돌(min_tong)로 다른 통에 흡수
미표시,대야동,58,,,지번은 지적도에 있으나 충돌(min_tong)로 다른 통에 흡수
미표시,대야동,59,,,지번은 지적도에 있으나 충돌(min_tong)로 다른 통에 흡수
미표시,신현동,7,,,지번은 지적도에 있으나 충돌(min_tong)로 다른 통에 흡수
미표시,은행동,31,,,지번은 지적도에 있으나 충돌(min_tong)로 다른 통에 흡수
미표시,은행동,35,,,지번은 지적도에 있으나 충돌(min_tong)로 다른 통에 흡수
미표시,은행동,37,,,지번은 지적도에 있으나 충돌(min_tong)로 다른 통에 흡수
미표시,은행동,38,,,지번은 지적도에 있으나 충돌(min_tong)로 다른 통에 흡수
미표시,은행동,40,,,지번은 지적도에 있으나 충돌(min_tong)로 다른 통에 흡수
미표시,은행동,42,,,지번은 지적도에 있으나 충돌(min_tong)로 다른 통에 흡수
미표시,은행동,44,,,지번은 지적도에 있으나 충돌(min_tong)로 다른 통에 흡수
미표시,은행동,48,,,지번은 지적도에 있으나 충돌(min_tong)로 다른 통에 흡수
미표시,은행동,49,,,지번은 지적도에 있으나 충돌(min_tong)로 다른 통에 흡수
미표시,은행동,52,,,지번은 지적도에 있으나 충돌(min_tong)로 다른 통에 흡수
미표시,은행동,54,,,지번은 지적도에 있으나 충돌(min_tong)로 다른 통에 흡수
미표시,은행동,55,,,지번은 지적도에 있으나 충돌(min_tong)로 다른 통에 흡수
미표시,은행동,56,,,지번은 지적도에 있으나 충돌(min_tong)로 다른 통에 흡수
미표시,은행동,57,,,사유 미상
미표시,은행동,59,,,사유 미상
미표시,은행동,60,,,사유 미상
미표시,매화동,22,,,지번은 지적도에 있으나 충돌(min_tong)로 다른 통에 흡수
미표시,목감동,27,,,지번은 지적도에 있으나 충돌(min_tong)로 다른 통에 흡수
미표시,목감동,33,,,지번은 지적도에 있으나 충돌(min_tong)로 다른 통에 흡수
미표시,목감동,36,,,지번은 지적도에 있으나 충돌(min_tong)로 다른 통에 흡수
미표시,목감동,43,,,지번은 지적도에 있으나 충돌(min_tong)로 다른 통에 흡수
미표시,목감동,46,,,지번은 지적도에 있으나 충돌(min_tong)로 다른 통에 흡수
미표시,정왕2동,4,,,지번은 지적도에 있으나 충돌(min_tong)로 다른 통에 흡수
미표시,정왕2동,6,,,지번은 지적도에 있으나 충돌(min_tong)로 다른 통에 흡수
미표시,정왕2동,9,,,지번은 지적도에 있으나 충돌(min_tong)로 다른 통에 흡수
미표시,정왕2동,14,,,지번은 지적도에 있으나 충돌(min_tong)로 다른 통에 흡수
미표시,정왕2동,16,,,지번은 지적도에 있으나 충돌(min_tong)로 다른 통에 흡수
미표시,정왕2동,18,,,지번은 지적도에 있으나 충돌(min_tong)로 다른 통에 흡수
미표시,정왕2동,20,,,지번은 지적도에 있으나 충돌(min_tong)로 다른 통에 흡수
미표시,정왕2동,24,,,지번은 지적도에 있으나 충돌(min_tong)로 다른 통에 흡수
미표시,정왕2동,26,,,지번은 지적도에 있으나 충돌(min_tong)로 다른 통에 흡수
미표시,정왕2동,30,,,지번은 지적도에 있으나 충돌(min_tong)로 다른 통에 흡수
미표시,정왕2동,32,,,지번은 지적도에 있으나 충돌(min_tong)로 다른 통에 흡수
미표시,정왕2동,35,,,지번은 지적도에 있으나 충돌(min_tong)로 다른 통에 흡수
미표시,정왕2동,37,,,사유 미상
미표시,정왕3동,4,,,지번은 지적도에 있으나 충돌(min_tong)로 다른 통에 흡수
미표시,정왕3동,7,,,지번은 지적도에 있으나 충돌(min_tong)로 다른 통에 흡수
미표시,정왕3동,11,,,지번은 지적도에 있으나 충돌(min_tong)로 다른 통에 흡수
미표시,정왕3동,15,,,지번은 지적도에 있으나 충돌(min_tong)로 다른 통에 흡수
미표시,정왕본동,27,,,지번은 지적도에 있으나 충돌(min_tong)로 다른 통에 흡수
미표시,정왕본동,28,,,지번은 지적도에 있으나 충돌(min_tong)로 다른 통에 흡수
미표시,정왕본동,29,,,지적도에 해당 지번 없음
미표시,정왕본동,30,,,지적도에 해당 지번 없음
미표시,정왕본동,31,,,지적도에 해당 지번 없음
미표시,정왕1동,20,,,지번은 지적도에 있으나 충돌(min_tong)로 다른 통에 흡수
미표시,정왕1동,27,,,지번은 지적도에 있으나 충돌(min_tong)로 다른 통에 흡수
미표시,정왕1동,29,,,지번은 지적도에 있으나 충돌(min_tong)로 다른 통에 흡수
미표시,정왕1동,31,,,지번은 지적도에 있으나 충돌(min_tong)로 다른 통에 흡수
미표시,정왕1동,33,,,지번은 지적도에 있으나 충돌(min_tong)로 다른 통에 흡수
미표시,능곡동,20,,,지적도에 해당 지번 없음
미표시,능곡동,21,,,사유 미상
미표시,능곡동,25,,,사유 미상
미표시,능곡동,26,,,사유 미상
미표시,능곡동,27,,,사유 미상
미표시,능곡동,28,,,사유 미상
미표시,능곡동,29,,,사유 미상
미표시,능곡동,30,,,지적도에 해당 지번 없음
미표시,능곡동,32,,,표에 지번 없음/지적도에 없음(아파트 단지명 등)
미표시,군자동,24,,,지번은 지적도에 있으나 충돌(min_tong)로 다른 통에 흡수
미표시,군자동,31,,,사유 미상
미표시,군자동,32,,,사유 미상
미표시,월곶동,8,,,지번은 지적도에 있으나 충돌(min_tong)로 다른 통에 흡수
미표시,월곶동,9,,,지번은 지적도에 있으나 충돌(min_tong)로 다른 통에 흡수
미표시,월곶동,10,,,지번은 지적도에 있으나 충돌(min_tong)로 다른 통에 흡수
미표시,월곶동,12,,,지번은 지적도에 있으나 충돌(min_tong)로 다른 통에 흡수
미표시,월곶동,13,,,지번은 지적도에 있으나 충돌(min_tong)로 다른 통에 흡수
미표시,월곶동,15,,,사유 미상
미표시,연성동,3,,,지번은 지적도에 있으나 충돌(min_tong)로 다른 통에 흡수
미표시,연성동,11,,,지번은 지적도에 있으나 충돌(min_tong)로 다른 통에 흡수
미표시,연성동,16,,,지번은 지적도에 있으나 충돌(min_tong)로 다른 통에 흡수
미표시,연성동,18,,,지번은 지적도에 있으나 충돌(min_tong)로 다른 통에 흡수
미표시,연성동,19,,,지번은 지적도에 있으나 충돌(min_tong)로 다른 통에 흡수
미표시,연성동,22,,,지번은 지적도에 있으나 충돌(min_tong)로 다른 통에 흡수
미표시,연성동,24,,,지번은 지적도에 있으나 충돌(min_tong)로 다른 통에 흡수
미표시,장곡동,5,,,지번은 지적도에 있으나 충돌(min_tong)로 다른 통에 흡수
미표시,장곡동,6,,,지번은 지적도에 있으나 충돌(min_tong)로 다른 통에 흡수
미표시,장곡동,7,,,사유 미상
미표시,장곡동,9,,,사유 미상
미표시,장곡동,11,,,사유 미상
미표시,장곡동,12,,,지번은 지적도에 있으나 충돌(min_tong)로 다른 통에 흡수
미표시,장곡동,13,,,지번은 지적도에 있으나 충돌(min_tong)로 다른 통에 흡수
미표시,장곡동,15,,,사유 미상
미표시,장곡동,16,,,표에 지번 없음/지적도에 없음(아파트 단지명 등)
미표시,장곡동,17,,,사유 미상
미표시,장곡동,18,,,사유 미상
미표시,장곡동,19,,,지번은 지적도에 있으나 충돌(min_tong)로 다른 통에 흡수
미표시,장곡동,20,,,사유 미상
미표시,장곡동,21,,,표에 지번 없음/지적도에 없음(아파트 단지명 등)
미표시,장곡동,22,,,사유 미상
미표시,장곡동,23,,,표에 지번 없음/지적도에 없음(아파트 단지명 등)
미표시,장곡동,24,,,표에 지번 없음/지적도에 없음(아파트 단지명 등)
미표시,장곡동,25,,,사유 미상
미표시,장곡동,26,,,표에 지번 없음/지적도에 없음(아파트 단지명 등)
미표시,장곡동,27,,,사유 미상
미표시,장곡동,28,,,표에 지번 없음/지적도에 없음(아파트 단지명 등)
미표시,장곡동,29,,,표에 지번 없음/지적도에 없음(아파트 단지명 등)
미표시,장곡동,30,,,사유 미상
미표시,장곡동,32,,,지번은 지적도에 있으나 충돌(min_tong)로 다른 통에 흡수
미표시,장곡동,33,,,사유 미상
미표시,장곡동,34,,,지번은 지적도에 있으나 충돌(min_tong)로 다른 통에 흡수
미표시,장곡동,35,,,사유 미상
미표시,장곡동,37,,,사유 미상
미표시,장곡동,38,,,지번은 지적도에 있으나 충돌(min_tong)로 다른 통에 흡수
미표시,장곡동,39,,,사유 미상
미표시,장곡동,40,,,지번은 지적도에 있으나 충돌(min_tong)로 다른 통에 흡수
미표시,장곡동,41,,,사유 미상
미표시,장곡동,43,,,지번은 지적도에 있으나 충돌(min_tong)로 다른 통에 흡수
미표시,장곡동,44,,,표에 지번 없음/지적도에 없음(아파트 단지명 등)
미표시,장곡동,45,,,사유 미상
미표시,장곡동,46,,,사유 미상
미표시,정왕4동,8,,,지번은 지적도에 있으나 충돌(min_tong)로 다른 통에 흡수
미표시,정왕4동,12,,,지번은 지적도에 있으나 충돌(min_tong)로 다른 통에 흡수
미표시,정왕4동,14,,,지번은 지적도에 있으나 충돌(min_tong)로 다른 통에 흡수
미표시,정왕4동,16,,,지번은 지적도에 있으나 충돌(min_tong)로 다른 통에 흡수
미표시,정왕4동,19,,,지번은 지적도에 있으나 충돌(min_tong)로 다른 통에 흡수
미표시,배곧1동,4,,,지번은 지적도에 있으나 충돌(min_tong)로 다른 통에 흡수
미표시,배곧1동,5,,,지번은 지적도에 있으나 충돌(min_tong)로 다른 통에 흡수
미표시,배곧1동,7,,,지번은 지적도에 있으나 충돌(min_tong)로 다른 통에 흡수
미표시,배곧1동,10,,,지번은 지적도에 있으나 충돌(min_tong)로 다른 통에 흡수
미표시,배곧1동,14,,,지번은 지적도에 있으나 충돌(min_tong)로 다른 통에 흡수
미표시,배곧1동,15,,,지번은 지적도에 있으나 충돌(min_tong)로 다른 통에 흡수
미표시,배곧1동,17,,,지번은 지적도에 있으나 충돌(min_tong)로 다른 통에 흡수
미표시,배곧1동,18,,,지번은 지적도에 있으나 충돌(min_tong)로 다른 통에 흡수
미표시,배곧1동,20,,,지번은 지적도에 있으나 충돌(min_tong)로 다른 통에 흡수
미표시,배곧1동,21,,,지번은 지적도에 있으나 충돌(min_tong)로 다른 통에 흡수
미표시,배곧1동,23,,,지번은 지적도에 있으나 충돌(min_tong)로 다른 통에 흡수
미표시,배곧1동,24,,,지번은 지적도에 있으나 충돌(min_tong)로 다른 통에 흡수
미표시,배곧1동,26,,,지번은 지적도에 있으나 충돌(min_tong)로 다른 통에 흡수
미표시,배곧1동,27,,,지번은 지적도에 있으나 충돌(min_tong)로 다른 통에 흡수
미표시,배곧1동,30,,,지번은 지적도에 있으나 충돌(min_tong)로 다른 통에 흡수
미표시,배곧1동,31,,,지번은 지적도에 있으나 충돌(min_tong)로 다른 통에 흡수
미표시,배곧1동,32,,,사유 미상
미표시,배곧2동,2,,,지번은 지적도에 있으나 충돌(min_tong)로 다른 통에 흡수
미표시,배곧2동,10,,,지번은 지적도에 있으나 충돌(min_tong)로 다른 통에 흡수
미표시,배곧2동,16,,,지번은 지적도에 있으나 충돌(min_tong)로 다른 통에 흡수
미표시,배곧2동,18,,,지번은 지적도에 있으나 충돌(min_tong)로 다른 통에 흡수
미표시,배곧2동,21,,,지번은 지적도에 있으나 충돌(min_tong)로 다른 통에 흡수
미표시,배곧2동,22,,,지번은 지적도에 있으나 충돌(min_tong)로 다른 통에 흡수
미표시,배곧2동,23,,,지번은 지적도에 있으나 충돌(min_tong)로 다른 통에 흡수
미표시,배곧2동,24,,,지번은 지적도에 있으나 충돌(min_tong)로 다른 통에 흡수
미표시,배곧2동,25,,,지번은 지적도에 있으나 충돌(min_tong)로 다른 통에 흡수
미표시,배곧2동,27,,,지번은 지적도에 있으나 충돌(min_tong)로 다른 통에 흡수
미표시,배곧2동,28,,,지번은 지적도에 있으나 충돌(min_tong)로 다른 통에 흡수
미표시,배곧2동,29,,,지번은 지적도에 있으나 충돌(min_tong)로 다른 통에 흡수
미표시,배곧2동,30,,,지번은 지적도에 있으나 충돌(min_tong)로 다른 통에 흡수
미표시,배곧2동,31,,,지번은 지적도에 있으나 충돌(min_tong)로 다른 통에 흡수
미표시,배곧2동,33,,,지번은 지적도에 있으나 충돌(min_tong)로 다른 통에 흡수
미표시,배곧2동,34,,,지번은 지적도에 있으나 충돌(min_tong)로 다른 통에 흡수
미표시,배곧2동,36,,,지번은 지적도에 있으나 충돌(min_tong)로 다른 통에 흡수
미표시,배곧2동,37,,,사유 미상
미표시,거북섬동,6,,,지번은 지적도에 있으나 충돌(min_tong)로 다른 통에 흡수
미표시,거북섬동,8,,,지번은 지적도에 있으나 충돌(min_tong)로 다른 통에 흡수
누락,대야동,6,52,,계수동 103 / 계수동 122-4 / 계수동 128-2 / 계수동 128-3 / 계수동 131 / 계수동 137-5 / 계수동 137-8 / 계수동 138-2 / 계수동 141 / 계수동 142-1 / 계수동 143-5 / 계수동 156 / 계수동 163-3 / 계수동 164-2 / 계수동 166-4
누락,대야동,1,28,,대야동 12-3 / 대야동 12-4 / 대야동 12-8 / 대야동 13-5 / 대야동 13-6 / 대야동 65-10 / 대야동 65-8 / 대야동 65-7 / 대야동 65-6 / 대야동 65-5 / 대야동 65-3 / 대야동 38-8 / 대야동 38-7 / 대야동 14-12 / 대야동 14-11
누락,대야동,8,27,,계수동 82-2 / 계수동 84-1 / 계수동 84-3 / 계수동 89-2 / 계수동 307-4 / 계수동 319 / 계수동 320 / 계수동 325 / 계수동 328-1 / 계수동 328-3 / 계수동 329-1 / 계수동 329-2 / 계수동 329-3 / 계수동 329-10 / 계수동 330
누락,대야동,7,26,,계수동 552-1 / 계수동 557 / 계수동 557-2 / 계수동 558-1 / 계수동 558-2 / 계수동 558-5 / 계수동 558-8 / 계수동 559-3 / 계수동 559-5 / 계수동 559-8 / 계수동 559-11 / 계수동 559-16 / 계수동 559-17 / 계수동 561 / 계수동 570-3
누락,대야동,2,22,,대야동 7-17 / 대야동 7-18 / 대야동 7-19 / 대야동 7-20 / 대야동 7-21 / 대야동 7-22 / 대야동 7-23 / 대야동 7-24 / 대야동 7-25 / 대야동 7-397 / 대야동 7-400 / 대야동 38-9 / 대야동 36-4 / 대야동 31-6 / 대야동 30-9
누락,대야동,31,11,,대야동 544-1 / 대야동 543-4 / 대야동 543-3 / 대야동 543-2 / 대야동 534-3 / 대야동 534-2 / 대야동 532-5 / 대야동 532-4 / 대야동 532-2 / 대야동 531-1 / 대야동 530-1
누락,대야동,56,7,,대야동 332-41 / 대야동 303-2 / 대야동 293-30 / 대야동 293-29 / 대야동 293-21 / 대야동 293-2 / 대야동 293-1
누락,대야동,42,7,,대야동 455-17 / 대야동 455-16 / 대야동 455-15 / 대야동 455-14 / 대야동 455-12 / 대야동 455-11 / 대야동 455-1
누락,대야동,39,6,,대야동 420-101 / 대야동 292-14 / 대야동 292-9 / 대야동 290-7 / 대야동 289-52 / 대야동 213-32
누락,대야동,32,4,,대야동 546-3 / 대야동 546-1 / 대야동 545-2 / 대야동 536
누락,대야동,9,4,,계수동 377-6 / 계수동 377-12 / 계수동 475-10 / 계수동 475-11
누락,대야동,41,3,,대야동 443 / 대야동 441-1 / 대야동 441
누락,대야동,40,3,,대야동 349-11 / 대야동 349-6 / 대야동 342-3
누락,대야동,3,2,,대야동 672 / 대야동 671
누락,대야동,47,2,,대야동 497 / 대야동 495
누락,대야동,45,2,,대야동 491-44 / 대야동 491-43
누락,대야동,55,2,,대야동 332-85 / 대야동 332-55
누락,대야동,57,1,,대야동 332-53
누락,대야동,52,1,,대야동 477-9
누락,대야동,50,1,,대야동 457
누락,대야동,43,1,,대야동 455-2
누락,대야동,17,1,,대야동 420-104
누락,대야동,18,1,,대야동 282-5
누락,신천동,9,62,,신천동 741-29 / 신천동 741-28 / 신천동 741-27 / 신천동 741-25 / 신천동 741-9 / 신천동 741-7 / 신천동 741-6 / 신천동 741-5 / 신천동 741-4 / 신천동 741-2 / 신천동 741-1 / 신천동 410-2 / 신천동 747-15 / 신천동 747-14 / 신천동 747-5
누락,신천동,26,56,,신천동 776-15 / 신천동 776-14 / 신천동 776-13 / 신천동 776-12 / 신천동 776-10 / 신천동 776-9 / 신천동 776-8 / 신천동 776-6 / 신천동 776-3 / 신천동 776-2 / 신천동 776-1 / 신천동 775-12 / 신천동 775-11 / 신천동 775-5 / 신천동 775-2
누락,신천동,11,33,,신천동 740-8 / 신천동 740-7 / 신천동 740-6 / 신천동 761-24 / 신천동 761-23 / 신천동 761-21 / 신천동 761-18 / 신천동 761-17 / 신천동 761-15 / 신천동 761-14 / 신천동 761-13 / 신천동 761-12 / 신천동 761-11 / 신천동 761-10 / 신천동 761-2
누락,신천동,8,32,,신천동 740-11 / 신천동 740-10 / 신천동 740-4 / 신천동 740-3 / 신천동 740-2 / 신천동 740-1 / 신천동 739-14 / 신천동 739-13 / 신천동 739-11 / 신천동 739-10 / 신천동 739-9 / 신천동 739-7 / 신천동 739-6 / 신천동 739-5 / 신천동 739-4
누락,신천동,12,32,,신천동 758-3 / 신천동 758-2 / 신천동 758-1 / 신천동 757-26 / 신천동 757-25 / 신천동 757-24 / 신천동 757-23 / 신천동 757-21 / 신천동 757-20 / 신천동 753-17 / 신천동 753-16 / 신천동 753-15 / 신천동 753-14 / 신천동 753-13 / 신천동 753-10
누락,신천동,10,26,,신천동 741-30 / 신천동 741-21 / 신천동 741-17 / 신천동 741-16 / 신천동 741-15 / 신천동 757-30 / 신천동 757-29 / 신천동 757-28 / 신천동 757-17 / 신천동 757-11 / 신천동 757-9 / 신천동 757-7 / 신천동 757-6 / 신천동 753-21 / 신천동 753-20
누락,신천동,25,21,,신천동 766-3 / 신천동 764-16 / 신천동 764-15 / 신천동 764-14 / 신천동 764-13 / 신천동 764-12 / 신천동 764-11 / 신천동 764-10 / 신천동 764-9 / 신천동 764-8 / 신천동 764-7 / 신천동 764-5 / 신천동 763-10 / 신천동 763-5 / 신천동 763-4
누락,신천동,27,20,,신천동 779-16 / 신천동 779-15 / 신천동 779-14 / 신천동 779-13 / 신천동 779-12 / 신천동 779-11 / 신천동 779-10 / 신천동 779-9 / 신천동 779-8 / 신천동 779-7 / 신천동 779-6 / 신천동 779-5 / 신천동 779-4 / 신천동 779-3 / 신천동 779-2
누락,신천동,5,14,,신천동 725-8 / 신천동 725-7 / 신천동 725-6 / 신천동 725-5 / 신천동 725-4 / 신천동 725-3 / 신천동 725-2 / 신천동 725-1 / 신천동 715-15 / 신천동 715-14 / 신천동 715-13 / 신천동 715-12 / 신천동 715-6 / 신천동 715-5
누락,신천동,16,14,,신천동 749-16 / 신천동 749-15 / 신천동 749-14 / 신천동 749-13 / 신천동 749-6 / 신천동 749-4 / 신천동 749-3 / 신천동 749-1 / 신천동 748-11 / 신천동 748-10 / 신천동 748-9 / 신천동 748-8 / 신천동 748-7 / 신천동 748-5
누락,신천동,6,12,,신천동 409-5 / 신천동 409-8 / 신천동 410-1 / 신천동 410-3 / 신천동 410-4 / 신천동 410-6 / 신천동 427-3 / 신천동 430-9 / 신천동 431-1 / 신천동 431-3 / 신천동 434 / 신천동 586-6
누락,신천동,15,8,,신천동 836-12 / 신천동 836-11 / 신천동 836-10 / 신천동 827-10 / 신천동 827-8 / 신천동 827-7 / 신천동 827-4 / 신천동 827-3
누락,신천동,31,7,,신천동 849-14 / 신천동 849-13 / 신천동 59-1 / 신천동 184-1 / 신천동 184-7 / 신천동 213 / 신천동 235
누락,신천동,34,7,,신천동 163 / 신천동 166 / 신천동 174-1 / 신천동 178-2 / 신천동 178-5 / 신천동 220-1 / 신천동 222
누락,신천동,4,5,,신천동 314-34 / 신천동 314-35 / 신천동 314-154 / 신천동 314-163 / 신천동 718
누락,신천동,3,5,,신천동 703-33 / 신천동 703-32 / 신천동 703-28 / 신천동 703-25 / 신천동 703-14
누락,신천동,20,5,,신천동 814-4 / 신천동 814-3 / 신천동 814-2 / 신천동 570-11 / 신천동 571-1
누락,신천동,7,4,,신천동 603 / 신천동 594 / 신천동 594-3 / 신천동 594-4
누락,신천동,28,4,,신천동 855-10 / 신천동 854-4 / 신천동 854-3 / 신천동 854-2
누락,신천동,39,3,,신천동 677-17 / 신천동 677-12 / 신천동 889-24
누락,신천동,14,3,,신천동 877-25 / 신천동 837-4 / 신천동 837-1
누락,신천동,2,2,,신천동 715-9 / 신천동 715-8
누락,신천동,36,2,,신천동 883-13 / 신천동 883-12
누락,신천동,21,2,,신천동 824-35 / 신천동 824-34
누락,신천동,33,2,,신천동 83-121 / 신천동 948
누락,신천동,17,1,,신천동 388-17
누락,신천동,24,1,,신천동 677-8
누락,신천동,37,1,,신천동 875-23
누락,신천동,32,1,,신천동 868
누락,신천동,23,1,,신천동 846-41
누락,신천동,13,1,,신천동 838-1
누락,신현동,2,78,,방산동 795-2 / 방산동 795-1 / 방산동 795 / 방산동 772-2 / 방산동 756 / 방산동 755-2 / 방산동 745-4 / 방산동 745-3 / 방산동 744-8 / 방산동 744-7 / 방산동 744-6 / 방산동 744-5 / 방산동 744-4 / 방산동 720 / 방산동 693
누락,신현동,14,77,,방산동 54-7 / 방산동 53 / 미산동 114-2 / 미산동 163-8 / 미산동 163-13 / 미산동 163-20 / 미산동 170-3 / 미산동 170-5 / 미산동 201 / 미산동 204-2 / 미산동 204-5 / 미산동 205-5 / 미산동 205-6 / 미산동 205-8 / 미산동 205-9
누락,신현동,1,66,,방산동 398 / 방산동 389 / 방산동 359-1 / 방산동 359 / 방산동 318 / 방산동 317-7 / 방산동 317-6 / 방산동 317-5 / 방산동 317-1 / 방산동 314-3 / 방산동 314 / 방산동 309 / 방산동 304-1 / 방산동 304 / 방산동 300-1
누락,신현동,15,64,,미산동 84 / 미산동 84-1 / 미산동 84-4 / 미산동 85-2 / 미산동 85-11 / 미산동 85-13 / 미산동 85-14 / 미산동 85-15 / 미산동 85-16 / 미산동 85-17 / 미산동 85-19 / 미산동 85-20 / 미산동 85-22 / 미산동 85-23 / 미산동 87
누락,신현동,20,49,,미산동 288-4 / 미산동 288-9 / 미산동 317-12 / 미산동 317-13 / 미산동 317-17 / 미산동 317-18 / 미산동 323 / 미산동 326-2 / 미산동 326-5 / 미산동 326-9 / 미산동 331-1 / 미산동 331-2 / 미산동 331-3 / 미산동 331-6 / 미산동 332-1
누락,신현동,19,14,,미산동 320-18 / 미산동 320-19 / 미산동 320-27 / 미산동 320-28 / 미산동 320-43 / 미산동 320-44 / 미산동 320-50 / 미산동 320-55 / 미산동 321-1 / 미산동 321-2 / 미산동 321-7 / 미산동 321-12 / 미산동 321-13 / 미산동 321-29
누락,신현동,21,5,,미산동 85-25 / 미산동 85-26 / 미산동 85-29 / 미산동 86-2 / 미산동 726-4
누락,신현동,17,2,,미산동 96-1 / 미산동 97-4
누락,은행동,7,48,,안현동 460-4 / 안현동 474-2 / 안현동 476-1 / 안현동 476-2 / 안현동 476-3 / 안현동 476-7 / 안현동 476-14 / 안현동 479-2 / 안현동 482-2 / 안현동 482-5 / 안현동 487 / 안현동 488 / 안현동 488-1 / 안현동 488-2 / 안현동 489-1
누락,은행동,58,21,,은행동 608-1 / 은행동 608 / 은행동 608-14 / 은행동 608-13 / 은행동 608-12 / 은행동 608-10 / 은행동 608-7 / 은행동 608-6 / 은행동 608-4 / 은행동 608-3 / 은행동 608-2 / 은행동 610-7 / 은행동 610-6 / 은행동 610-5 / 은행동 610-3
누락,은행동,1,12,,은행동 280-2 / 은행동 267 / 은행동 260-2 / 은행동 650 / 은행동 657-1 / 은행동 672-10 / 은행동 672-9 / 은행동 672-3 / 은행동 671-2 / 은행동 671-1 / 은행동 671 / 은행동 658
누락,은행동,51,12,,은행동 672-4 / 은행동 669-1 / 은행동 665-3 / 은행동 669-2 / 은행동 671-7 / 은행동 671-6 / 은행동 671-5 / 은행동 671-4 / 은행동 665-2 / 은행동 665-1 / 은행동 665 / 은행동 664
누락,은행동,15,10,,은행동 282-10 / 은행동 278-3 / 은행동 252-81 / 은행동 252-68 / 은행동 252-67 / 은행동 252-57 / 은행동 252-23 / 은행동 250-32 / 은행동 250-23 / 은행동 250-22
누락,은행동,33,9,,은행동 559-4 / 은행동 559-3 / 은행동 559-2 / 은행동 559-1 / 은행동 553-6 / 은행동 553-5 / 은행동 553-4 / 은행동 553-3 / 은행동 553-2
누락,은행동,18,7,,은행동 252-79 / 은행동 252-34 / 은행동 252-31 / 은행동 252-30 / 은행동 252-26 / 은행동 251-20 / 은행동 248-7
누락,은행동,45,7,,은행동 638-8 / 은행동 638-7 / 은행동 638-6 / 은행동 638-5 / 은행동 638-3 / 은행동 638-2 / 은행동 638-1
누락,은행동,8,6,,안현동 106-12 / 안현동 106-10 / 안현동 106-3 / 안현동 106 / 안현동 138-1 / 안현동 138
누락,은행동,17,5,,은행동 248-99 / 은행동 248-70 / 은행동 248-67 / 은행동 248-65 / 은행동 248-63
누락,은행동,23,4,,은행동 611-5 / 은행동 611-3 / 은행동 611-2 / 은행동 611-1
누락,은행동,19,2,,은행동 301-25 / 은행동 300-7
누락,은행동,13,1,,은행동 271-26
누락,은행동,11,1,,은행동 104
누락,은행동,27,1,,은행동 547-3
누락,은행동,6,1,,안현동 298
누락,매화동,4,60,,도창동 114-11 / 도창동 118-2 / 도창동 118-3 / 도창동 120-4 / 도창동 120-6 / 도창동 121-7 / 도창동 121-12 / 도창동 127-6 / 도창동 127-8 / 도창동 127-9 / 도창동 129-9 / 도창동 130 / 도창동 132-10 / 도창동 133 / 도창동 134-3
누락,매화동,6,57,,금이동 147 / 금이동 165-1 / 금이동 194-1 / 금이동 218-1 / 금이동 218-2 / 금이동 222-1 / 금이동 234 / 금이동 234-1 / 금이동 235-2 / 금이동 235-7 / 금이동 240 / 금이동 240-1 / 금이동 266 / 금이동 267 / 금이동 267-1
누락,매화동,5,40,,도창동 114-7 / 도창동 302-1 / 도창동 302-2 / 도창동 360-1 / 도창동 361-2 / 도창동 361-3 / 도창동 361-4 / 도창동 361-5 / 도창동 372-6 / 도창동 372-8 / 도창동 378-2 / 도창동 379 / 도창동 379-5 / 도창동 380 / 도창동 380-2
누락,매화동,15,28,,매화동 244-13 / 매화동 244-19 / 매화동 244-21 / 매화동 244-22 / 매화동 244-24 / 매화동 244-25 / 매화동 244-32 / 매화동 244-34 / 매화동 244-38 / 매화동 244-39 / 매화동 244-41 / 매화동 244-42 / 매화동 244-47 / 매화동 246-2 / 매화동 246-3
누락,매화동,7,22,,금이동 472 / 금이동 23-1 / 금이동 37-1 / 금이동 37-3 / 금이동 42-2 / 금이동 42-11 / 금이동 137-4 / 금이동 142-1 / 금이동 418-2 / 금이동 418-3 / 금이동 418-4 / 금이동 422-2 / 금이동 427-1 / 금이동 433 / 금이동 441
누락,매화동,23,10,,매화동 453-1 / 매화동 453-4 / 매화동 460-1 / 매화동 460-2 / 매화동 461 / 매화동 464 / 매화동 466-2 / 매화동 467 / 매화동 467-1 / 매화동 467-2
누락,매화동,3,9,,매화동 11-21 / 매화동 77-1 / 매화동 109-4 / 매화동 139-3 / 매화동 141 / 매화동 194-5 / 매화동 194-6 / 매화동 194-8 / 매화동 195-2
누락,매화동,17,9,,매화동 263-23 / 매화동 265-6 / 매화동 265-31 / 매화동 265-32 / 매화동 265-35 / 매화동 265-36 / 매화동 265-37 / 매화동 265-40 / 매화동 265-41
누락,매화동,2,8,,매화동 221-90 / 매화동 238-23 / 매화동 330-1 / 매화동 330-2 / 매화동 330-4 / 매화동 332-1 / 매화동 332-3 / 매화동 332-7
누락,매화동,1,5,,매화동 227-1 / 매화동 232-1 / 매화동 232-2 / 매화동 338-13 / 매화동 357-3
누락,매화동,12,3,,매화동 241-5 / 매화동 241-6 / 매화동 241-7
누락,매화동,11,2,,매화동 340-2 / 매화동 341
누락,매화동,9,1,,매화동 200-5
누락,목감동,17,41,,조남동 216 / 조남동 216-1 / 조남동 216-2 / 조남동 168-8 / 조남동 172-19 / 조남동 172-61 / 조남동 174-11 / 조남동 174-31 / 조남동 174-34 / 조남동 174-38 / 조남동 174-57 / 조남동 174-60 / 조남동 174-62 / 조남동 174-69 / 조남동 174-78
누락,목감동,15,24,,논곡동 225-2 / 논곡동 225-3 / 논곡동 225-6 / 논곡동 225-12 / 논곡동 225-13 / 논곡동 226-7 / 논곡동 227-1 / 논곡동 227-2 / 논곡동 227-7 / 논곡동 227-10 / 논곡동 227-12 / 논곡동 227-13 / 논곡동 227-18 / 논곡동 228-1 / 논곡동 228-2
누락,목감동,1,22,,물왕동 7 / 물왕동 10-2 / 물왕동 32 / 물왕동 35 / 물왕동 35-1 / 물왕동 47-3 / 물왕동 57-2 / 물왕동 95-5 / 물왕동 95-8 / 물왕동 95-9 / 물왕동 95-10 / 물왕동 95-19 / 물왕동 95-21 / 물왕동 99-1 / 물왕동 99-2
누락,목감동,6,20,,조남동 499 / 조남동 459-1 / 조남동 458-1 / 조남동 450 / 조남동 277-1 / 조남동 285-16 / 조남동 285-20 / 조남동 285-41 / 조남동 285-42 / 조남동 285-61 / 조남동 285-62 / 조남동 285-68 / 조남동 287-1 / 조남동 287-4 / 조남동 704
누락,목감동,5,9,,조남동 227-1 / 조남동 176-8 / 조남동 697 / 조남동 696 / 조남동 695 / 조남동 694 / 조남동 168-3 / 조남동 179-7 / 조남동 179-19
누락,목감동,2,6,,물왕동 255-1 / 물왕동 256 / 물왕동 257-1 / 물왕동 257-4 / 물왕동 258 / 물왕동 306-2
누락,목감동,10,5,,논곡동 147-1 / 논곡동 147-7 / 목감동 239-19 / 목감동 239-18 / 목감동 397
누락,목감동,11,4,,목감동 108-10 / 목감동 86-14 / 목감동 69-1 / 목감동 177-4
누락,목감동,12,4,,목감동 9-2 / 목감동 8-6 / 목감동 8-4 / 목감동 3-2
누락,목감동,4,3,,조남동 10-1 / 조남동 64 / 조남동 100-2
누락,목감동,8,3,,논곡동 96 / 논곡동 123-1 / 목감동 67-3
누락,목감동,7,3,,목감동 241-11 / 목감동 241-10 / 목감동 241-9
누락,목감동,19,2,,조남동 171-3 / 조남동 171-67
누락,목감동,28,2,,조남동 674 / 조남동 673
누락,목감동,31,2,,목감동 414-2 / 목감동 405
누락,목감동,44,1,,산현동 518
누락,목감동,3,1,,산현동 198
누락,목감동,20,1,,조남동 171-10
누락,목감동,48,1,,조남동 725
누락,목감동,30,1,,조남동 668
누락,목감동,9,1,,논곡동 363-13
누락,과림동,3,56,,과림동 70-1 / 과림동 70-2 / 과림동 71 / 과림동 82-1 / 과림동 82-2 / 과림동 99-6 / 과림동 99-19 / 과림동 208-3 / 과림동 208-12 / 과림동 208-13 / 과림동 208-24 / 과림동 214-1 / 과림동 229-3 / 과림동 306-2 / 과림동 306-3
누락,과림동,1,35,,무지내동 191-2 / 무지내동 181-3 / 무지내동 540-1 / 무지내동 537-2 / 무지내동 507-3 / 무지내동 506-6 / 무지내동 506-2 / 무지내동 463 / 무지내동 462-4 / 무지내동 349-10 / 무지내동 349-9 / 무지내동 349-8 / 무지내동 320-26 / 무지내동 320-25 / 무지내동 320-18
누락,과림동,2,16,,무지내동 68-1 / 무지내동 66-10 / 무지내동 64 / 무지내동 63-9 / 무지내동 63-7 / 무지내동 63 / 무지내동 62-4 / 무지내동 61-1 / 무지내동 58-9 / 무지내동 58-8 / 무지내동 58-1 / 무지내동 57-6 / 무지내동 57-1 / 무지내동 13-6 / 무지내동 13-5
누락,과림동,5,15,,과림동 1-8 / 과림동 13-8 / 과림동 13-11 / 과림동 30-2 / 과림동 60-3 / 과림동 60-8 / 과림동 60-9 / 과림동 60-12 / 과림동 63-1 / 과림동 65-1 / 과림동 68-1 / 과림동 69-1 / 과림동 208-5 / 과림동 208-16 / 과림동 208-30
누락,과림동,4,1,,과림동 320-19
누락,정왕2동,1,12,,정왕동 1878-11 / 정왕동 1877-3 / 정왕동 1876-2 / 정왕동 1877-1 / 정왕동 1877-5 / 정왕동 1881-8 / 정왕동 1881-9 / 정왕동 1881-11 / 정왕동 1882-1 / 정왕동 1882-2 / 정왕동 1882-4 / 정왕동 1882-5
누락,정왕2동,36,7,,정왕동 2303-8 / 정왕동 2303-10 / 정왕동 2304-8 / 정왕동 2304-9 / 정왕동 2304-10 / 정왕동 2304-11 / 정왕동 2304-12
누락,정왕2동,17,5,,정왕동 2148 / 정왕동 876-278 / 정왕동 876-175 / 정왕동 1841 / 정왕동 1843-1
누락,정왕2동,28,5,,정왕동 1729-7 / 정왕동 1729-6 / 정왕동 1727-7 / 정왕동 1727-6 / 정왕동 1845-2
누락,정왕2동,25,1,,정왕동 1849-8
누락,정왕3동,25,1016,,정왕동 2122-4 / 정왕동 2123-1 / 정왕동 2123-2 / 정왕동 2148 / 정왕동 2149-3 / 정왕동 2166-4 / 정왕동 2167-2 / 정왕동 2167-5 / 정왕동 2167-6 / 정왕동 2167-7 / 정왕동 1806-10 / 정왕동 1806-9 / 정왕동 1806-8 / 정왕동 1806-7 / 정왕동 1806-5
누락,정왕3동,20,5,,정왕동 2212-1 / 정왕동 2213 / 정왕동 2213-1 / 정왕동 2213-2 / 정왕동 2213-3
누락,정왕3동,3,1,,정왕동 1886-5
누락,정왕본동,1,236,,정왕동 2003-8 / 정왕동 2003-12 / 정왕동 2003-16 / 정왕동 2003-24 / 정왕동 2003-25 / 정왕동 2003-26 / 정왕동 2003-27 / 정왕동 2003-28 / 정왕동 2003-29 / 정왕동 2003-30 / 정왕동 2006-21 / 정왕동 2006-22 / 정왕동 2011-9 / 정왕동 2011-10 / 정왕동 2012-6
누락,정왕본동,23,17,,정왕동 1568-9 / 정왕동 1568-8 / 정왕동 1567-9 / 정왕동 1567-8 / 정왕동 1566-6 / 정왕동 1566-5 / 정왕동 1566-4 / 정왕동 1566-3 / 정왕동 1566-2 / 정왕동 1566-1 / 정왕동 1566 / 정왕동 1555-8 / 정왕동 1555-7 / 정왕동 1428 / 정왕동 1396-4
누락,정왕본동,6,8,,정왕동 1800-10 / 정왕동 1800-6 / 정왕동 1599 / 정왕동 1598-5 / 정왕동 1598-4 / 정왕동 1598-3 / 정왕동 1598-2 / 정왕동 1597-5
누락,정왕본동,5,5,,정왕동 2305-14 / 정왕동 2305-30 / 정왕동 2305-31 / 정왕동 2305-32 / 정왕동 2305-33
누락,정왕1동,7,16,,정왕동 1553-9 / 정왕동 1553-8 / 정왕동 1553-7 / 정왕동 1541-6 / 정왕동 1541-5 / 정왕동 1540-6 / 정왕동 1540-5 / 정왕동 1539-6 / 정왕동 1539-5 / 정왕동 1539-4 / 정왕동 1539-3 / 정왕동 1539-2 / 정왕동 1539-1 / 정왕동 1539 / 정왕동 1536-6
누락,정왕1동,17,15,,정왕동 1804-9 / 정왕동 1803-7 / 정왕동 1803-6 / 정왕동 1802-4 / 정왕동 1802-3 / 정왕동 1802-2 / 정왕동 1802-1 / 정왕동 1210-13 / 정왕동 1831-8 / 정왕동 1831-9 / 정왕동 1831-10 / 정왕동 1831-11 / 정왕동 1838-9 / 정왕동 1841 / 정왕동 1842-3
누락,정왕1동,19,8,,정왕동 1739-6 / 정왕동 1739-5 / 정왕동 1739-3 / 정왕동 1739-2 / 정왕동 1739-1 / 정왕동 1734-7 / 정왕동 1734-6 / 정왕동 1734-5
누락,정왕1동,22,4,,정왕동 1745-3 / 정왕동 1745-2 / 정왕동 1745-1 / 정왕동 1740-2
누락,능곡동,18,11,,능곡동 779 / 군자동 154 / 군자동 154-1 / 군자동 174-4 / 군자동 309-4 / 군자동 315 / 군자동 827 / 군자동 830 / 군자동 832 / 군자동 833 / 군자동 835
누락,능곡동,31,9,,능곡동 868-2 / 능곡동 868-3 / 능곡동 868-5 / 능곡동 868-6 / 능곡동 871 / 능곡동 883-1 / 능곡동 888 / 능곡동 894 / 군자동 819
누락,능곡동,17,2,,화정동 650-3 / 화정동 703-1
누락,능곡동,15,2,,능곡동 108-1 / 능곡동 108-10
누락,능곡동,3,1,,능곡동 547
누락,능곡동,22,1,,능곡동 848
누락,능곡동,19,1,,능곡동 886
누락,군자동,3,12,,거모동 1691-13 / 거모동 1691-12 / 거모동 1157 / 거모동 1099 / 거모동 636-8 / 거모동 636-7 / 거모동 636-6 / 거모동 636-2 / 거모동 634-29 / 거모동 634-19 / 거모동 634-5 / 거모동 624-2
누락,군자동,30,9,,거모동 1678-4 / 거모동 1774-13 / 거모동 1774-12 / 거모동 1774-11 / 거모동 1774-9 / 거모동 1774-8 / 거모동 1658-11 / 거모동 1658-10 / 거모동 1658-1
누락,군자동,25,7,,거모동 1777-12 / 거모동 1777-11 / 거모동 1777-10 / 거모동 1777-9 / 거모동 1777-8 / 거모동 1777-7 / 거모동 1777-6
누락,군자동,1,6,,거모동 1678-16 / 거모동 1658-18 / 거모동 1658-17 / 거모동 1658-8 / 거모동 1658-6 / 거모동 1658-5
누락,군자동,8,6,,거모동 1720-8 / 거모동 1714-5 / 거모동 1424 / 거모동 1410-7 / 거모동 1410-5 / 거모동 1409-2
누락,군자동,23,6,,거모동 639-2 / 거모동 638-3 / 거모동 638 / 거모동 635-1 / 거모동 634-3 / 거모동 605-8
누락,군자동,12,3,,거모동 1774-6 / 거모동 1774-5 / 거모동 1774-4
누락,군자동,27,3,,거모동 1743-19 / 거모동 1743-18 / 거모동 1743-17
누락,군자동,6,3,,거모동 1401 / 군자동 767-1 / 군자동 835
누락,군자동,4,2,,거모동 283-1 / 거모동 1859
누락,군자동,29,1,,거모동 1722-8
누락,군자동,21,1,,거모동 1715-3
누락,월곶동,3,28,,월곶동 315 / 월곶동 316 / 월곶동 543-1 / 월곶동 566 / 월곶동 570 / 월곶동 570-1 / 월곶동 571 / 월곶동 571-1 / 월곶동 574-2 / 월곶동 576-10 / 월곶동 595-1 / 월곶동 598 / 월곶동 600-3 / 월곶동 604-1 / 월곶동 609
누락,월곶동,1,22,,월곶동 79 / 월곶동 79-2 / 월곶동 84-2 / 월곶동 97-4 / 월곶동 97-14 / 월곶동 98-1 / 월곶동 151-1 / 월곶동 25-1 / 월곶동 25-2 / 월곶동 25-4 / 월곶동 25-9 / 월곶동 25-11 / 월곶동 25-12 / 월곶동 25-13 / 월곶동 25-14
누락,월곶동,4,19,,월곶동 123-2 / 월곶동 193-12 / 월곶동 195 / 월곶동 195-2 / 월곶동 201-2 / 월곶동 201-6 / 월곶동 206-2 / 월곶동 420-2 / 월곶동 1071-1 / 월곶동 1071-2 / 월곶동 1071-3 / 월곶동 1071-4 / 월곶동 1071-5 / 월곶동 1071-8 / 월곶동 1071-9
누락,월곶동,2,12,,월곶동 419-3 / 월곶동 542-2 / 월곶동 542-5 / 월곶동 645-13 / 월곶동 645-14 / 월곶동 489-3 / 월곶동 489-1 / 월곶동 453 / 월곶동 452-7 / 월곶동 452-3 / 월곶동 452-1 / 월곶동 435-2
누락,월곶동,6,3,,월곶동 1012 / 월곶동 1012-2 / 월곶동 1012-3
누락,월곶동,5,1,,월곶동 994-8
누락,월곶동,17,1,,월곶동 994-9
누락,연성동,1,45,,장현동 591 / 장현동 614-3 / 장현동 614-5 / 장현동 614-6 / 장현동 614-7 / 장현동 614-10 / 장현동 614-11 / 장현동 614-12 / 장현동 614-15 / 장현동 620-3 / 장현동 620-5 / 장현동 620-6 / 장현동 620-7 / 장현동 620-8 / 장현동 620-9
누락,연성동,6,14,,하중동 327-2 / 하중동 327-8 / 하중동 816-1 / 하중동 816-2 / 하중동 817-1 / 하중동 817-2 / 하중동 817-3 / 하중동 817-4 / 하중동 818-1 / 하중동 818-2 / 하중동 818-3 / 하중동 818-4 / 하중동 818-5 / 하중동 818-6
누락,연성동,23,5,,장현동 568 / 장현동 584 / 장현동 585-1 / 장현동 585-2 / 장현동 585-3
누락,연성동,25,4,,광석동 546 / 광석동 544 / 광석동 542 / 광석동 536
누락,연성동,4,2,,장현동 543-1 / 장현동 543-2
누락,연성동,20,1,,광석동 548
누락,장곡동,14,96,,장곡동 658-2 / 장곡동 689-4 / 장곡동 793-1 / 장곡동 793-2 / 장곡동 794-1 / 장곡동 794-2 / 장곡동 794-3 / 장곡동 794-4 / 장곡동 794-5 / 장곡동 794-6 / 장곡동 795-1 / 장곡동 795-2 / 장곡동 795-3 / 장곡동 795-4 / 장곡동 795-5
누락,장곡동,31,35,,장현동 608 / 장현동 610-2 / 장현동 610-3 / 장현동 610-4 / 장현동 610-6 / 장현동 610-7 / 장현동 610-8 / 장현동 610-9 / 장현동 614-1 / 장현동 614-2 / 장현동 614-3 / 장현동 614-5 / 장현동 614-6 / 장현동 614-7 / 장현동 614-10
누락,장곡동,3,23,,장곡동 553-1 / 장곡동 932-1 / 장곡동 932-2 / 장곡동 932-3 / 장곡동 932-5 / 장곡동 932-6 / 장곡동 932-7 / 장곡동 934-1 / 장곡동 934-3 / 장곡동 934-4 / 장곡동 949-1 / 장곡동 949-2 / 장곡동 949-3 / 장곡동 949-4 / 장곡동 949-6
누락,장곡동,2,4,,장곡동 561-5 / 장곡동 561-8 / 장곡동 754-2 / 장곡동 764-1
누락,장곡동,36,2,,장현동 569 / 장현동 580
누락,장곡동,42,1,,장현동 357-6
누락,정왕4동,18,13,,정왕동 2148 / 정왕동 1843 / 정왕동 1843-1 / 정왕동 1844 / 정왕동 1844-1 / 정왕동 1868 / 정왕동 1869 / 정왕동 1870-1 / 정왕동 1870-3 / 정왕동 1871-5 / 정왕동 1872-6 / 정왕동 1873-2 / 정왕동 1873-3
누락,정왕4동,13,10,,정왕동 1882-2 / 정왕동 1882-8 / 정왕동 1882-10 / 정왕동 1882-11 / 정왕동 1885-1 / 정왕동 1885-2 / 정왕동 1885-3 / 정왕동 1885-5 / 정왕동 1885-6 / 정왕동 1885-8
누락,정왕4동,5,8,,정왕동 1879-2 / 정왕동 1881-1 / 정왕동 1881-2 / 정왕동 1881-4 / 정왕동 1881-5 / 정왕동 1881-6 / 정왕동 1881-8 / 정왕동 1881-9
누락,정왕4동,3,4,,정왕동 2304-11 / 정왕동 2305-1 / 정왕동 1878-11 / 정왕동 1872-4
누락,정왕4동,20,3,,정왕동 1864 / 정왕동 1940-1 / 정왕동 1940-2
누락,정왕4동,21,1,,정왕동 1866-1
누락,배곧1동,2,1,,배곧동 319
누락,거북섬동,2,18,,정왕동 2687 / 정왕동 2688 / 정왕동 2689 / 정왕동 2692 / 정왕동 2697 / 정왕동 2699 / 정왕동 2700 / 정왕동 2701 / 정왕동 2706 / 정왕동 2706-11 / 정왕동 2706-12 / 정왕동 2707 / 정왕동 2713 / 정왕동 2719 / 정왕동 2720
누락,거북섬동,9,15,,정왕동 2770 / 정왕동 2771 / 정왕동 2803 / 정왕동 2804 / 정왕동 2805 / 정왕동 2806 / 정왕동 2807 / 정왕동 2808 / 정왕동 2809 / 정왕동 2811 / 정왕동 2812 / 정왕동 2813 / 정왕동 2814 / 정왕동 2816 / 정왕동 2817
누락,거북섬동,10,9,,정왕동 2653 / 정왕동 2745 / 정왕동 2747 / 정왕동 2749 / 정왕동 2756 / 정왕동 2758 / 정왕동 2760 / 정왕동 2764 / 정왕동 2766
누락,거북섬동,11,8,,정왕동 2668 / 정왕동 2669 / 정왕동 2778 / 정왕동 2779 / 정왕동 2782 / 정왕동 2784 / 정왕동 2786 / 정왕동 2790
누락,거북섬동,12,3,,정왕동 2789 / 정왕동 2796 / 정왕동 2797
누락,거북섬동,1,2,,정왕동 2635 / 정왕동 2638
겹침,연성동,7∩10,,25781,도로망 통 폴리곤 중첩
겹침,군자동,3∩23,,17924,도로망 통 폴리곤 중첩
겹침,월곶동,3∩4,,17459,도로망 통 폴리곤 중첩
겹침,연성동,7∩12,,14005,도로망 통 폴리곤 중첩
겹침,은행동,20∩30,,13480,도로망 통 폴리곤 중첩
겹침,연성동,14∩15,,12458,도로망 통 폴리곤 중첩
겹침,대야동,6∩7,,3561,도로망 통 폴리곤 중첩
겹침,신천동,1∩41,,3518,도로망 통 폴리곤 중첩
겹침,은행동,10∩26,,3486,도로망 통 폴리곤 중첩
겹침,은행동,25∩26,,2875,도로망 통 폴리곤 중첩
겹침,대야동,17∩18,,2170,도로망 통 폴리곤 중첩
겹침,연성동,7∩13,,1605,도로망 통 폴리곤 중첩
겹침,대야동,1∩2,,1472,도로망 통 폴리곤 중첩
겹침,대야동,7∩9,,1269,도로망 통 폴리곤 중첩
겹침,은행동,3∩26,,1181,도로망 통 폴리곤 중첩
겹침,신현동,14∩15,,792,도로망 통 폴리곤 중첩
겹침,은행동,19∩26,,759,도로망 통 폴리곤 중첩
겹침,정왕3동,13∩25,,573,도로망 통 폴리곤 중첩
겹침,은행동,16∩26,,513,도로망 통 폴리곤 중첩
겹침,신천동,2∩3,,504,도로망 통 폴리곤 중첩
분리/지번오류의심,정왕본동,1,1,4048,정왕동 2044
분리/지번오류의심,정왕본동,1,1,3512,정왕동 2199-2
분리/과대확장의심,정왕3동,25,487,3449,정왕동 1991-1 / 정왕동 1991-2 / 정왕동 1991-3 / 정왕동 1991-4 / 정왕동 1991-5 / 정왕동 1991-6 / 정왕동 1991-7 / 정왕동 1991-8 / 정왕동 1991-9 / 정왕동 1991-10 / 정왕동 1991-11 / 정왕동 1991-12 / 정왕동 1089-4 / 정왕동 1089-3 / 정왕동 1089-2
분리/과대확장의심,정왕본동,1,422,3439,정왕동 1089-4 / 정왕동 1089-3 / 정왕동 1089-2 / 정왕동 1089-1 / 정왕동 1089 / 정왕동 1088-4 / 정왕동 1088-3 / 정왕동 1088-2 / 정왕동 1088-1 / 정왕동 1088 / 정왕동 1087-1 / 정왕동 1087 / 정왕동 1086-2 / 정왕동 1086-1 / 정왕동 1086
분리/지번오류의심,정왕3동,25,6,2925,정왕동 876-721 / 정왕동 876-571 / 정왕동 876-570 / 정왕동 876-364 / 정왕동 876-363 / 정왕동 876-25
분리/지번오류의심,정왕본동,1,6,2925,정왕동 876-721 / 정왕동 876-571 / 정왕동 876-570 / 정왕동 876-364 / 정왕동 876-363 / 정왕동 876-25
분리/지번오류의심,대야동,45,6,2045,대야동 24 / 대야동 23-1 / 대야동 23 / 대야동 21-1 / 대야동 21 / 대야동 430
분리/지번오류의심,정왕3동,25,2,1885,정왕동 1944 / 정왕동 2141
분리/지번오류의심,월곶동,3,3,1808,월곶동 산153-4 / 월곶동 산153-5 / 월곶동 736
분리/지번오류의심,정왕3동,25,1,1661,정왕동 2139
분리/지번오류의심,정왕3동,25,1,1634,정왕동 2131
분리/지번오류의심,정왕3동,25,6,1614,정왕동 1942-3 / 정왕동 1943 / 정왕동 1945 / 정왕동 1946 / 정왕동 1947 / 정왕동 2168-1
분리/지번오류의심,월곶동,2,1,1553,월곶동 520-134
분리/지번오류의심,정왕3동,25,1,1511,정왕동 1941
분리/블록분리,매화동,7,23,1510,금이동 138-1 / 금이동 138-2 / 금이동 138-3 / 금이동 138-4 / 금이동 138-5 / 금이동 138-6 / 금이동 138-7 / 금이동 138-8 / 금이동 138-9 / 금이동 139 / 금이동 139-1 / 금이동 139-2 / 금이동 139-3 / 금이동 139-4 / 금이동 139-5
분리/지번오류의심,장곡동,3,1,1440,장곡동 790
분리/지번오류의심,정왕3동,25,2,1436,정왕동 1969 / 정왕동 1970
분리/지번오류의심,정왕3동,25,1,1435,정왕동 1971
분리/블록분리,목감동,9,24,1434,논곡동 32-2 / 논곡동 32-3 / 논곡동 32-5 / 논곡동 32-6 / 논곡동 32-7 / 논곡동 32-9 / 논곡동 32-10 / 논곡동 32-12 / 논곡동 32-14 / 논곡동 32-17 / 논곡동 32-18 / 논곡동 32-19 / 논곡동 32-20 / 논곡동 32-21 / 논곡동 32-22
분리/지번오류의심,정왕3동,25,1,1384,정왕동 1909
분리/지번오류의심,정왕3동,25,2,1379,정왕동 1948 / 정왕동 1949
분리/지번오류의심,정왕3동,25,2,1358,정왕동 2128 / 정왕동 2130
분리/지번오류의심,정왕4동,3,1,1344,정왕동 2144
분리/지번오류의심,매화동,7,8,1332,금이동 39-1 / 금이동 39-2 / 금이동 56-1 / 금이동 56-8 / 금이동 60-1 / 금이동 56-2 / 금이동 59-3 / 금이동 704-14
분리/지번오류의심,월곶동,2,1,1314,월곶동 520-136
분리/블록분리,매화동,7,11,1300,금이동 산119-13 / 금이동 산119-12 / 금이동 산119-10 / 금이동 산119-8 / 금이동 산119-5 / 금이동 산119-2 / 금이동 산119-1 / 금이동 37-7 / 금이동 37-8 / 금이동 산120-1 / 금이동 702
분리/지번오류의심,연성동,1,1,1263,장현동 623
분리/지번오류의심,매화동,7,4,1254,금이동 67-2 / 금이동 산37-1 / 금이동 산38-5 / 금이동 산37-5
분리/지번오류의심,정왕3동,25,2,1252,정왕동 2168-2 / 정왕동 2168-4
분리/지번오류의심,장곡동,1,7,1249,장곡동 307-1 / 장곡동 308-2 / 장곡동 312 / 장곡동 312-6 / 장곡동 312-7 / 장곡동 312-9 / 장곡동 312-10
분리/지번오류의심,정왕3동,25,3,1239,정왕동 1966 / 정왕동 1967 / 정왕동 1968
분리/지번오류의심,월곶동,2,2,1209,월곶동 520-372 / 월곶동 520-3
분리/지번오류의심,월곶동,2,1,1207,월곶동 520-399
분리/블록분리,매화동,7,12,1205,금이동 80-1 / 금이동 80-3 / 금이동 80-6 / 금이동 80-7 / 금이동 80-8 / 금이동 산43-2 / 금이동 산43-1 / 금이동 78-3 / 금이동 78-7 / 금이동 78-8 / 금이동 산143-4 / 금이동 714
분리/블록분리,장곡동,3,21,1174,장곡동 772 / 장곡동 773 / 장곡동 775 / 장곡동 776 / 장곡동 786 / 장곡동 787 / 장곡동 788 / 장곡동 789 / 장곡동 771 / 장곡동 696-1 / 장곡동 698-2 / 장곡동 699-1 / 장곡동 699-3 / 장곡동 699-4 / 장곡동 699-6
분리/지번오류의심,정왕3동,25,1,1156,정왕동 1633
분리/지번오류의심,월곶동,3,1,1142,월곶동 산152
분리/지번오류의심,배곧2동,19,1,1109,배곧동 44
분리/지번오류의심,정왕3동,25,3,1106,정왕동 1950 / 정왕동 1951 / 정왕동 1952
분리/블록분리,월곶동,2,12,1101,월곶동 520-374 / 월곶동 520-389 / 월곶동 520-390 / 월곶동 520-391 / 월곶동 520-395 / 월곶동 520-396 / 월곶동 520-202 / 월곶동 520-193 / 월곶동 520-187 / 월곶동 520-186 / 월곶동 520-135 / 월곶동 520-133
분리/지번오류의심,장곡동,1,1,1055,장곡동 367-8
분리/지번오류의심,월곶동,2,1,1049,월곶동 520-100
분리/지번오류의심,정왕1동,34,1,1047,정왕동 1966
분리/지번오류의심,신현동,3,5,1022,포동 산1 / 포동 199-2 / 포동 199-1 / 포동 199 / 포동 356
분리/지번오류의심,정왕3동,25,6,1016,정왕동 1903 / 정왕동 1904 / 정왕동 1905 / 정왕동 1906 / 정왕동 1907 / 정왕동 1908
분리/지번오류의심,정왕1동,36,1,1007,정왕동 1298
분리/지번오류의심,신현동,20,2,1004,미산동 484-7 / 미산동 484-27
분리/지번오류의심,정왕3동,25,1,1004,정왕동 2168-5
분리/지번오류의심,정왕3동,25,3,998,정왕동 1902 / 정왕동 1867-5 / 정왕동 1899
분리/블록분리,매화동,6,15,982,금이동 601-1 / 금이동 600-6 / 금이동 600-5 / 금이동 600-4 / 금이동 600-2 / 금이동 600-1 / 금이동 595-1 / 금이동 576-2 / 금이동 576-1 / 금이동 576 / 금이동 719-1 / 금이동 601-6 / 금이동 599-1 / 금이동 595-3 / 금이동 577-1
분리/지번오류의심,매화동,6,1,976,금이동 670-1
분리/지번오류의심,정왕3동,25,2,975,정왕동 1964 / 정왕동 1965
분리/지번오류의심,매화동,6,4,954,금이동 27 / 금이동 27-1 / 금이동 27-2 / 금이동 27-3
분리/지번오류의심,매화동,6,4,939,금이동 산18-4 / 금이동 산18-2 / 금이동 산18 / 금이동 산9-5
분리/지번오류의심,정왕3동,25,2,927,정왕동 1953 / 정왕동 1954
분리/지번오류의심,정왕3동,25,1,914,정왕동 1910
분리/지번오류의심,매화동,6,1,904,금이동 548
분리/지번오류의심,정왕3동,25,1,895,정왕동 2127
분리/지번오류의심,목감동,18,9,893,조남동 171-2 / 조남동 171-18 / 조남동 171-46 / 조남동 171-21 / 조남동 산6-11 / 조남동 171-45 / 조남동 171-27 / 조남동 171-25 / 조남동 171-34
분리/지번오류의심,정왕1동,34,3,892,정왕동 2122-3 / 정왕동 2122-4 / 정왕동 2128
분리/지번오류의심,장곡동,3,1,885,장곡동 805
분리/지번오류의심,대야동,7,6,883,계수동 642-9 / 계수동 642-347 / 계수동 642-283 / 계수동 642-14 / 계수동 456-4 / 계수동 801-1
분리/지번오류의심,정왕3동,25,1,873,정왕동 1901
분리/지번오류의심,정왕3동,25,1,855,정왕동 1795
분리/지번오류의심,장곡동,2,2,854,장곡동 산41 / 장곡동 산41-1
분리/지번오류의심,정왕3동,25,1,846,정왕동 1900
분리/블록분리,신천동,14,23,840,신천동 877-24 / 신천동 877-23 / 신천동 877-22 / 신천동 877-20 / 신천동 877-19 / 신천동 877-18 / 신천동 877-17 / 신천동 877-16 / 신천동 877-15 / 신천동 877-14 / 신천동 877-13 / 신천동 877-12 / 신천동 877-11 / 신천동 877-10 / 신천동 877-9
분리/지번오류의심,과림동,1,2,828,무지내동 518-4 / 무지내동 518-5
분리/블록분리,장곡동,3,13,828,장곡동 493 / 장곡동 494 / 장곡동 495 / 장곡동 497 / 장곡동 804 / 장곡동 488-4 / 장곡동 491-4 / 장곡동 493-1 / 장곡동 495-1 / 장곡동 499-1 / 장곡동 654-5 / 장곡동 658-5 / 장곡동 산63-4
분리/지번오류의심,과림동,4,2,817,과림동 산35 / 과림동 산35-1
분리/지번오류의심,정왕3동,25,1,813,정왕동 1955
분리/지번오류의심,장곡동,14,1,812,장곡동 855
분리/지번오류의심,은행동,1,2,781,은행동 513-20 / 은행동 513-19
분리/지번오류의심,월곶동,2,1,772,월곶동 520-102
분리/지번오류의심,과림동,4,1,763,과림동 산40-1
분리/지번오류의심,목감동,15,1,759,논곡동 산23-1
분리/지번오류의심,정왕3동,25,1,737,정왕동 1963
분리/지번오류의심,배곧2동,20,1,737,배곧동 44
분리/블록분리,장곡동,1,14,724,장곡동 324-1 / 장곡동 324-3 / 장곡동 324-4 / 장곡동 324-5 / 장곡동 324-6 / 장곡동 324-7 / 장곡동 325-1 / 장곡동 325-2 / 장곡동 337-1 / 장곡동 337-3 / 장곡동 337-6 / 장곡동 337-7 / 장곡동 340 / 장곡동 340-2
분리/지번오류의심,정왕3동,25,2,721,정왕동 1956 / 정왕동 1957
분리/지번오류의심,매화동,17,1,720,매화동 23
분리/블록분리,월곶동,3,13,716,월곶동 산153-1 / 월곶동 산153-2 / 월곶동 산153-6 / 월곶동 산153-7 / 월곶동 359 / 월곶동 361-1 / 월곶동 758 / 월곶동 산68-2 / 월곶동 산68-6 / 월곶동 산68-7 / 월곶동 산69-1 / 월곶동 산70-1 / 월곶동 산70-2
분리/지번오류의심,장곡동,2,4,716,장곡동 561 / 장곡동 산46-15 / 장곡동 산48-1 / 장곡동 산85-2
분리/지번오류의심,정왕1동,34,3,712,정왕동 2122-5 / 정왕동 2122-6 / 정왕동 1965
분리/지번오류의심,매화동,6,1,708,금이동 616-2
분리/지번오류의심,대야동,7,1,707,계수동 540-1
분리/블록분리,과림동,5,11,702,과림동 152-1 / 과림동 178-22 / 과림동 179-2 / 과림동 179-3 / 과림동 179-4 / 과림동 179-5 / 과림동 179-6 / 과림동 179-7 / 과림동 179-8 / 과림동 179-9 / 과림동 179-10
분리/지번오류의심,정왕3동,25,1,695,정왕동 1911
분리/지번오류의심,정왕3동,25,2,686,정왕동 1912 / 정왕동 1848-3
분리/블록분리,매화동,3,24,680,매화동 산34-10 / 매화동 산34-7 / 매화동 산34-3 / 매화동 산34-1 / 매화동 산32-46 / 매화동 산32-45 / 매화동 산32-44 / 매화동 산32-36 / 매화동 산32-35 / 매화동 산32-33 / 매화동 산32-32 / 매화동 산32-30 / 매화동 산32-29 / 매화동 산32-28 / 매화동 산32-27
분리/지번오류의심,정왕4동,1,1,680,정왕동 1893
분리/지번오류의심,과림동,1,2,672,무지내동 495-3 / 무지내동 492-10
분리/지번오류의심,장곡동,14,1,667,장곡동 724-25
분리/지번오류의심,신현동,14,6,666,미산동 717 / 미산동 717-2 / 미산동 717-4 / 미산동 717-5 / 미산동 717-6 / 미산동 717-8
분리/블록분리,신천동,3,21,665,신천동 33-2 / 신천동 32-22 / 신천동 32-21 / 신천동 32-20 / 신천동 31-3 / 신천동 31-2 / 신천동 30-50 / 신천동 29-11 / 신천동 30-27 / 신천동 30-29 / 신천동 945-1 / 신천동 924 / 신천동 923 / 신천동 810 / 신천동 946-2
분리/지번오류의심,대야동,6,1,660,계수동 산19-1
분리/블록분리,매화동,3,27,651,매화동 20 / 매화동 20-1 / 매화동 20-2 / 매화동 20-4 / 매화동 20-5 / 매화동 20-6 / 매화동 20-7 / 매화동 20-8 / 매화동 20-9 / 매화동 20-10 / 매화동 20-11 / 매화동 20-12 / 매화동 26-1 / 매화동 26-2 / 매화동 43-1
분리/지번오류의심,목감동,2,9,651,물왕동 387 / 물왕동 387-1 / 물왕동 387-2 / 물왕동 387-3 / 물왕동 387-5 / 물왕동 387-6 / 물왕동 387-7 / 물왕동 387-8 / 물왕동 387-9
분리/지번오류의심,신현동,4,1,640,포동 67-8
분리/지번오류의심,정왕3동,32,8,635,정왕동 2202-6 / 정왕동 2202-7 / 정왕동 2202-11 / 정왕동 2202-13 / 정왕동 2202-14 / 정왕동 2202-15 / 정왕동 2202-18 / 정왕동 2207-35
분리/지번오류의심,장곡동,14,1,634,장곡동 724-33
분리/블록분리,신현동,3,20,628,포동 67-10 / 포동 67-113 / 포동 67-114 / 포동 67-115 / 포동 67-126 / 포동 67-127 / 포동 67-128 / 포동 67-129 / 포동 67-130 / 포동 67-131 / 포동 67-132 / 포동 67-133 / 포동 67-134 / 포동 67-135 / 포동 67-136
분리/지번오류의심,능곡동,18,1,625,군자동 758
분리/지번오류의심,신현동,3,1,603,포동 135
분리/지번오류의심,매화동,6,1,584,금이동 산39-1
분리/지번오류의심,장곡동,14,1,576,장곡동 779-2
분리/블록분리,매화동,6,11,575,금이동 73-1 / 금이동 73-2 / 금이동 73-3 / 금이동 73-4 / 금이동 73-5 / 금이동 73-6 / 금이동 73-8 / 금이동 73-9 / 금이동 73-10 / 금이동 산143-3 / 금이동 714
분리/지번오류의심,정왕3동,25,2,571,정왕동 1961 / 정왕동 1962
분리/지번오류의심,과림동,5,3,569,과림동 146-6 / 과림동 150-8 / 과림동 801-6
분리/지번오류의심,신현동,15,2,566,미산동 202-4 / 미산동 739
분리/블록분리,매화동,7,18,566,금이동 18 / 금이동 21 / 금이동 43 / 금이동 43-1 / 금이동 43-2 / 금이동 43-3 / 금이동 43-4 / 금이동 43-5 / 금이동 43-6 / 금이동 산115-8 / 금이동 산115-5 / 금이동 산115-3 / 금이동 산115-2 / 금이동 15-2 / 금이동 19-4
분리/지번오류의심,정왕3동,25,6,566,정왕동 1958 / 정왕동 1959 / 정왕동 1960 / 정왕동 2124 / 정왕동 2126 / 정왕동 2167-10
분리/블록분리,신현동,3,20,559,포동 67-279 / 포동 67-78 / 포동 67-79 / 포동 67-80 / 포동 67-101 / 포동 67-102 / 포동 67-103 / 포동 67-104 / 포동 67-105 / 포동 67-106 / 포동 67-107 / 포동 67-108 / 포동 67-109 / 포동 67-116 / 포동 67-140
분리/지번오류의심,신현동,1,1,558,포동 356
분리/지번오류의심,매화동,6,3,558,금이동 630-4 / 금이동 630-3 / 금이동 630
분리/지번오류의심,정왕3동,25,1,558,정왕동 1755
분리/블록분리,신현동,14,16,552,미산동 700 / 미산동 700-1 / 미산동 711-4 / 미산동 748-1 / 미산동 748-2 / 미산동 748-3 / 미산동 산49-1 / 미산동 산49-2 / 미산동 산49-3 / 미산동 산49-4 / 미산동 484-33 / 미산동 749-1 / 미산동 749-3 / 미산동 484-6 / 미산동 484-19
분리/지번오류의심,과림동,5,4,552,과림동 238-4 / 과림동 238-7 / 과림동 산15-11 / 과림동 산15-18
분리/지번오류의심,매화동,6,1,544,금이동 산39-3
분리/지번오류의심,목감동,2,1,541,물왕동 산55-3
분리/지번오류의심,장곡동,1,1,541,장곡동 824
분리/블록분리,신현동,3,21,533,포동 67-325 / 포동 67-342 / 포동 67-306 / 포동 67-338 / 포동 67-110 / 포동 67-111 / 포동 67-112 / 포동 67-119 / 포동 67-120 / 포동 67-121 / 포동 67-122 / 포동 67-123 / 포동 67-124 / 포동 67-148 / 포동 67-149
분리/지번오류의심,과림동,4,1,532,과림동 산31-3
분리/지번오류의심,신현동,20,2,531,미산동 494-1 / 미산동 494-14
분리/지번오류의심,신현동,3,1,528,포동 236
분리/지번오류의심,정왕1동,34,1,520,정왕동 2122-1
분리/지번오류의심,목감동,5,1,503,조남동 산36-1
분리/지번오류의심,과림동,5,1,497,과림동 184-12
분리/지번오류의심,매화동,5,4,495,도창동 산21 / 도창동 산21-1 / 도창동 산32-1 / 도창동 산32-2
분리/지번오류의심,신현동,3,1,487,포동 67-307
분리/지번오류의심,신현동,3,1,485,포동 432
분리/지번오류의심,과림동,5,3,485,과림동 142-16 / 과림동 790-108 / 과림동 800-6
분리/지번오류의심,매화동,5,1,483,도창동 318-2
분리/지번오류의심,매화동,6,6,478,금이동 627-4 / 금이동 627-3 / 금이동 627-2 / 금이동 627-1 / 금이동 627 / 금이동 719
분리/지번오류의심,목감동,15,6,472,논곡동 133 / 논곡동 133-2 / 논곡동 133-3 / 논곡동 137-1 / 논곡동 137-2 / 논곡동 375
분리/지번오류의심,신현동,3,1,469,포동 133
분리/지번오류의심,장곡동,14,3,466,장곡동 778-5 / 장곡동 778-6 / 장곡동 778-49
분리/지번오류의심,배곧2동,19,1,463,배곧동 242
분리/지번오류의심,배곧2동,35,1,458,배곧동 278
분리/지번오류의심,과림동,4,6,457,과림동 431-2 / 과림동 431-3 / 과림동 431-4 / 과림동 445-3 / 과림동 451-1 / 과림동 804-35
분리/지번오류의심,장곡동,1,2,454,장곡동 815 / 장곡동 817-5
분리/지번오류의심,정왕3동,25,2,452,정왕동 1913 / 정왕동 1747
분리/지번오류의심,정왕3동,25,9,448,정왕동 893-9 / 정왕동 893-8 / 정왕동 893-7 / 정왕동 893-6 / 정왕동 893-5 / 정왕동 893-4 / 정왕동 893-3 / 정왕동 893-2 / 정왕동 893-1
분리/지번오류의심,과림동,1,2,447,무지내동 485 / 무지내동 484-2
분리/과대확장의심,연성동,20,138,443,광석동 431-27 / 광석동 431-26 / 광석동 431-25 / 광석동 431-21 / 광석동 357-17 / 광석동 357-11 / 광석동 357-10 / 광석동 357-5 / 광석동 357-4 / 광석동 357-3 / 광석동 356-4 / 광석동 356-3 / 광석동 356 / 광석동 355-18 / 광석동 355-17
분리/지번오류의심,대야동,7,4,440,계수동 642-100 / 대야동 642-101 / 대야동 642-277 / 계수동 479-6
분리/지번오류의심,배곧2동,19,1,436,배곧동 241
분리/지번오류의심,정왕2동,13,1,434,정왕동 1898
분리/지번오류의심,정왕3동,25,7,432,정왕동 1914 / 정왕동 1915 / 정왕동 1849-3 / 정왕동 1849-5 / 정왕동 1870-2 / 정왕동 1871-3 / 정왕동 1898
분리/지번오류의심,목감동,3,6,429,산현동 산30-7 / 산현동 산30-6 / 산현동 산30-3 / 산현동 산30-2 / 산현동 산30 / 산현동 523-1
분리/블록분리,거북섬동,12,21,424,정왕동 2824-1 / 정왕동 2824-2 / 정왕동 2824-3 / 정왕동 2824-4 / 정왕동 2824-5 / 정왕동 2824-6 / 정왕동 2824-7 / 정왕동 2824-8 / 정왕동 2824-9 / 정왕동 2825-1 / 정왕동 2825-2 / 정왕동 2825-3 / 정왕동 2825-5 / 정왕동 2825-6 / 정왕동 2826
분리/지번오류의심,매화동,6,6,415,금이동 146-3 / 금이동 146-5 / 금이동 146-10 / 금이동 146-11 / 금이동 148-7 / 금이동 148-8
분리/지번오류의심,배곧2동,19,1,415,배곧동 244
분리/과대확장의심,거북섬동,11,75,414,정왕동 2772-1 / 정왕동 2772-2 / 정왕동 2772-3 / 정왕동 2772-4 / 정왕동 2774-1 / 정왕동 2774-2 / 정왕동 2774-3 / 정왕동 2774-4 / 정왕동 2774-5 / 정왕동 2774-6 / 정왕동 2774-7 / 정왕동 2775-1 / 정왕동 2775-2 / 정왕동 2775-3 / 정왕동 2775-4
분리/지번오류의심,정왕2동,19,1,413,정왕동 1898
분리/지번오류의심,대야동,1,1,411,대야동 산112-1
분리/지번오류의심,매화동,5,1,407,도창동 318-1
분리/지번오류의심,매화동,4,2,406,도창동 산4-1 / 도창동 산73-1
분리/지번오류의심,정왕4동,18,1,405,정왕동 1898
분리/블록분리,정왕4동,3,12,401,정왕동 876-238 / 정왕동 1889-1 / 정왕동 1889-3 / 정왕동 1889-4 / 정왕동 1889-6 / 정왕동 1889-7 / 정왕동 1889-8 / 정왕동 1889-9 / 정왕동 1889-10 / 정왕동 1889-12 / 정왕동 1889-13 / 정왕동 1890
분리/지번오류의심,대야동,6,1,399,계수동 산45-2
분리/블록분리,과림동,1,19,397,무지내동 산61-2 / 무지내동 산58 / 무지내동 547-1 / 무지내동 545-1 / 무지내동 543-1 / 무지내동 536-2 / 무지내동 519-4 / 무지내동 512-2 / 무지내동 505-1 / 무지내동 467-3 / 무지내동 462-1 / 무지내동 549-4 / 무지내동 549 / 무지내동 543-5 / 무지내동 543-4
분리/블록분리,월곶동,2,47,394,월곶동 520-357 / 월곶동 520-358 / 월곶동 520-361 / 월곶동 520-440 / 월곶동 520-327 / 월곶동 520-326 / 월곶동 520-325 / 월곶동 520-324 / 월곶동 520-318 / 월곶동 520-317 / 월곶동 520-316 / 월곶동 520-315 / 월곶동 520-314 / 월곶동 520-313 / 월곶동 520-310
분리/블록분리,정왕3동,25,48,389,정왕동 1100-5 / 정왕동 1100-4 / 정왕동 1100-3 / 정왕동 1100-2 / 정왕동 1100-1 / 정왕동 1100 / 정왕동 1099-6 / 정왕동 1099-5 / 정왕동 1099-4 / 정왕동 1099-3 / 정왕동 1099-2 / 정왕동 1099-1 / 정왕동 1099 / 정왕동 1098-5 / 정왕동 1098-4
분리/지번오류의심,목감동,3,2,388,산현동 464 / 산현동 463
분리/지번오류의심,정왕1동,7,1,385,정왕동 1631
분리/지번오류의심,신현동,3,1,383,포동 67-9
분리/지번오류의심,신현동,1,1,366,방산동 915
분리/지번오류의심,과림동,4,1,363,과림동 산25-1
분리/지번오류의심,매화동,15,3,361,매화동 293-1 / 매화동 293-4 / 매화동 293-7
분리/지번오류의심,신현동,14,1,360,미산동 748
분리/블록분리,신천동,7,11,354,신천동 422 / 신천동 422-2 / 신천동 422-4 / 신천동 422-8 / 신천동 422-9 / 신천동 422-10 / 신천동 423 / 신천동 421-5 / 신천동 산12-3 / 신천동 산12-2 / 신천동 산12-1
분리/블록분리,군자동,1,31,349,거모동 1744-13 / 거모동 1744-12 / 거모동 1744-11 / 거모동 1744-10 / 거모동 1744-9 / 거모동 1744-8 / 거모동 1744-7 / 거모동 1744-6 / 거모동 1744-5 / 거모동 1744-4 / 거모동 1744-3 / 거모동 1744-2 / 거모동 1744-1 / 거모동 1733-10 / 거모동 1733-9
분리/지번오류의심,목감동,45,1,344,산현동 528
분리/지번오류의심,정왕3동,25,1,342,정왕동 1222
분리/지번오류의심,정왕3동,32,1,342,정왕동 2202-2
분리/지번오류의심,매화동,5,2,340,도창동 산67-1 / 도창동 산73-3
분리/지번오류의심,매화동,3,3,339,매화동 53-5 / 매화동 53-13 / 매화동 822
분리/지번오류의심,정왕3동,25,1,338,정왕동 1759
분리/지번오류의심,장곡동,3,5,335,장곡동 444 / 장곡동 449 / 장곡동 450 / 장곡동 451 / 장곡동 452
분리/블록분리,대야동,2,31,330,대야동 산68-2 / 대야동 36-6 / 대야동 35-6 / 대야동 34-16 / 대야동 34-15 / 대야동 34-14 / 대야동 34-13 / 대야동 34-12 / 대야동 34-11 / 대야동 34-10 / 대야동 34-9 / 대야동 34-8 / 대야동 34-7 / 대야동 34-6 / 대야동 34-5
분리/지번오류의심,과림동,4,2,329,과림동 196-3 / 과림동 196-4
분리/지번오류의심,신현동,4,2,318,포동 67-198 / 포동 67-228
분리/지번오류의심,과림동,4,1,311,과림동 산23-7
분리/지번오류의심,정왕1동,19,1,308,정왕동 1795
분리/지번오류의심,대야동,6,1,307,계수동 산45-1
분리/지번오류의심,목감동,17,1,304,조남동 213
분리/지번오류의심,정왕4동,3,1,303,정왕동 1891
